UCE Locus Name,Total Length,Informative Sites,SNPs,Length (minus indels),Best Fit Model
UCE-5,894,5,21,894,K2P
UCE-12,687,1,11,686,HKY
UCE-15,630,0,4,630,F81
UCE-16,732,1,13,728,F81
UCE-19,630,1,9,629,HKY
UCE-23,804,3,14,804,HKY+I
UCE-24,662,0,2,662,HKY
UCE-25,580,2,11,580,HKY
UCE-34,591,5,8,591,HKY
UCE-38,803,2,26,802,SYM
UCE-39,596,1,6,596,HKY
UCE-42,509,1,9,509,HKY
UCE-47,788,9,18,780,HKY
UCE-53,866,2,15,864,HKY
UCE-55,796,3,12,796,HKY
UCE-62,461,1,4,461,F81
UCE-65,651,1,7,651,HKY
UCE-74,821,2,10,817,F81
UCE-75,619,2,7,619,HKY+I
UCE-80,541,0,2,540,F81
UCE-88,633,2,10,633,HKY
UCE-97,295,0,6,295,F81
UCE-106,652,3,8,652,HKY
UCE-114,571,6,9,571,GTR+I+G
UCE-115,669,1,10,668,HKY
UCE-117,460,0,1,460,F81
UCE-119,800,1,15,800,HKY+I
UCE-120,805,0,5,805,HKY
UCE-125,573,0,9,570,JC69
UCE-127,569,4,13,567,HKY+I
UCE-129,973,0,33,957,HKY
UCE-134,525,0,8,525,HKY
UCE-136,863,2,11,863,HKY
UCE-146,797,4,16,797,HKY
UCE-147,736,2,19,734,HKY
UCE-166,702,1,8,702,HKY
UCE-170,819,1,21,796,HKY
UCE-177,784,3,14,783,HKY
UCE-180,515,2,9,515,HKY
UCE-190,806,4,12,806,GTR
UCE-191,675,3,13,675,HKY
UCE-200,946,3,7,946,HKY
UCE-201,619,2,11,619,HKY
UCE-208,493,2,9,493,HKY
UCE-213,680,1,10,680,HKY
UCE-220,957,1,9,955,F81
UCE-222,548,0,4,546,F81
UCE-223,716,2,15,716,HKY
UCE-224,538,5,10,538,HKY+I
UCE-227,899,4,7,899,F81
UCE-238,456,0,0,456,F81
UCE-243,551,1,8,551,F81
UCE-254,805,3,10,804,HKY
UCE-256,823,5,14,765,HKY+I
UCE-260,783,4,20,783,HKY+I
UCE-261,475,2,4,475,F81
UCE-266,374,1,10,374,HKY
UCE-268,866,2,18,865,GTR
UCE-277,981,4,22,980,HKY
UCE-280,708,4,11,708,HKY+I
UCE-285,681,0,9,681,HKY
UCE-286,701,0,6,698,HKY
UCE-291,634,0,1,634,F81
UCE-297,541,2,3,541,HKY
UCE-299,733,0,11,703,HKY
UCE-301,915,2,9,914,GTR+I
UCE-317,709,1,6,709,HKY
UCE-318,337,0,5,337,F81
UCE-322,722,8,19,720,GTR
UCE-327,836,12,31,836,HKY
UCE-333,800,1,12,800,HKY
UCE-334,857,2,10,857,HKY
UCE-337,532,0,4,532,HKY
UCE-338,999,2,13,998,HKY
UCE-343,694,1,10,692,HKY
UCE-350,694,1,5,694,HKY
UCE-351,732,1,5,732,HKY
UCE-353,758,5,12,758,HKY
UCE-360,736,4,15,734,GTR
UCE-370,769,4,11,769,HKY
UCE-374,930,6,21,927,HKY+I
UCE-380,714,1,8,714,HKY
UCE-381,938,3,11,934,HKY
UCE-389,523,0,6,523,HKY
UCE-394,738,0,7,738,HKY
UCE-400,764,1,2,764,F81
UCE-401,553,1,12,552,F81
UCE-412,684,2,4,684,F81
UCE-416,524,7,15,524,HKY+I
UCE-417,580,7,11,578,HKY+I
UCE-418,760,4,10,759,HKY
UCE-419,430,1,3,430,F81
UCE-421,674,0,6,674,F81
UCE-432,843,3,17,843,F81
UCE-441,747,1,13,746,HKY
UCE-443,355,2,5,355,HKY
UCE-449,633,0,7,632,F81
UCE-453,506,0,2,505,HKY
UCE-454,614,3,16,614,HKY
UCE-457,851,3,19,851,HKY
UCE-463,878,3,23,878,HKY
UCE-478,890,2,14,889,GTR
UCE-486,454,0,3,454,HKY
UCE-491,553,4,15,552,HKY+I
UCE-493,803,2,9,803,HKY
UCE-494,884,4,15,883,HKY
UCE-496,1038,0,6,1038,HKY
UCE-499,1002,5,13,1001,GTR
UCE-512,767,3,12,767,GTR
UCE-519,771,1,13,765,HKY
UCE-526,757,0,13,757,HKY
UCE-527,789,3,13,788,HKY
UCE-529,778,4,12,778,HKY+I
UCE-533,670,0,2,670,HKY
UCE-534,696,0,5,696,HKY
UCE-540,687,0,7,687,HKY
UCE-547,653,1,6,653,F81
UCE-551,718,1,12,718,HKY
UCE-553,756,3,16,756,HKY
UCE-554,747,1,4,747,F81
UCE-556,731,3,11,731,HKY
UCE-558,851,1,18,849,HKY
UCE-570,852,3,16,850,HKY+I
UCE-575,761,2,6,761,GTR
UCE-583,507,0,3,498,F81
UCE-599,431,1,1,431,F81
UCE-604,572,1,4,572,F81
UCE-607,761,1,9,761,HKY
UCE-609,660,6,21,658,F81+I+G
UCE-615,668,5,13,664,HKY
UCE-620,633,4,10,633,F81
UCE-624,644,3,7,644,GTR
UCE-636,748,2,8,748,HKY
UCE-641,604,1,3,604,F81
UCE-642,849,1,9,848,HKY
UCE-645,491,2,12,491,F81
UCE-652,777,4,20,776,HKY
UCE-658,661,7,13,656,HKY
UCE-660,958,7,32,957,HKY+I
UCE-671,927,2,7,927,F81
UCE-672,682,2,17,677,HKY
UCE-678,791,2,10,791,HKY
UCE-680,754,3,12,753,HKY
UCE-681,695,5,20,695,HKY
UCE-691,900,2,7,897,HKY
UCE-696,796,2,16,792,HKY
UCE-706,724,3,13,724,HKY
UCE-710,833,3,14,832,HKY
UCE-720,864,3,8,863,HKY+I
UCE-727,654,0,0,654,F81
UCE-729,593,3,20,593,HKY
UCE-734,716,0,16,716,HKY+I
UCE-760,698,1,10,698,HKY
UCE-762,854,5,14,853,HKY
UCE-764,913,4,20,913,HKY
UCE-767,396,1,5,396,F81
UCE-772,524,0,5,524,F81
UCE-780,548,1,9,548,HKY
UCE-786,738,7,22,737,GTR
UCE-791,959,10,31,958,HKY
UCE-794,675,1,10,675,HKY
UCE-800,838,4,24,838,HKY
UCE-802,865,1,1,865,F81
UCE-805,911,4,18,910,K2P
UCE-810,610,2,11,607,F81
UCE-816,864,3,14,863,HKY
UCE-818,834,2,16,833,HKY
UCE-819,481,3,9,481,HKY+I
UCE-825,561,1,4,561,F81
UCE-827,346,0,2,346,HKY
UCE-831,910,8,21,909,HKY
UCE-838,429,1,6,428,K2P
UCE-850,750,3,17,748,HKY
UCE-859,796,0,3,795,F81
UCE-861,728,8,26,727,HKY
UCE-865,513,3,6,513,HKY
UCE-866,845,2,10,842,HKY
UCE-869,574,7,10,573,JC69
UCE-872,832,6,15,832,HKY
UCE-877,348,0,9,348,K2P
UCE-885,825,1,3,825,F81
UCE-889,527,1,1,527,F81
UCE-899,808,3,13,806,HKY
UCE-906,843,2,17,843,HKY
UCE-907,486,2,7,486,K2P
UCE-912,845,4,19,845,HKY
UCE-915,901,2,15,899,HKY
UCE-916,527,1,5,527,HKY
UCE-920,762,2,6,762,HKY
UCE-932,774,3,7,772,F81+G
UCE-937,783,6,27,782,K2P
UCE-949,899,1,15,899,HKY+I
UCE-955,521,1,8,521,HKY
UCE-956,766,1,8,766,HKY
UCE-958,825,1,11,825,HKY
UCE-980,637,1,4,637,F81
UCE-985,351,2,3,350,HKY
UCE-990,706,0,10,706,HKY+I
UCE-991,546,4,9,546,F81+G
UCE-997,507,0,1,507,F81
UCE-998,429,0,5,429,HKY
UCE-1004,848,8,21,848,GTR+I
UCE-1008,491,2,25,491,K2P
UCE-1014,890,4,13,889,HKY
UCE-1026,474,0,9,473,F81
UCE-1034,709,5,11,709,F81
UCE-1036,590,1,7,590,HKY
UCE-1038,741,1,5,741,HKY
UCE-1039,659,1,2,658,F81
UCE-1043,586,5,12,586,K2P
UCE-1052,567,1,7,567,HKY
UCE-1055,847,2,15,844,HKY
UCE-1059,497,2,11,496,HKY+I
UCE-1061,524,1,3,510,HKY
UCE-1090,930,5,30,930,HKY
UCE-1100,425,1,4,424,HKY
UCE-1127,702,2,7,702,HKY
UCE-1133,834,3,15,834,HKY
UCE-1143,404,3,7,404,F81
UCE-1148,576,1,5,576,HKY
UCE-1154,940,3,17,940,K2P
UCE-1158,926,1,13,924,HKY
UCE-1161,822,8,30,822,GTR
UCE-1162,885,5,29,883,HKY
UCE-1170,599,1,2,599,HKY
UCE-1174,430,2,8,430,HKY
UCE-1176,787,0,9,786,F81
UCE-1178,767,2,7,767,HKY
UCE-1185,657,5,8,656,HKY
UCE-1201,633,1,11,629,HKY
UCE-1205,824,5,25,822,HKY
UCE-1206,875,4,11,874,F81
UCE-1207,597,0,2,596,HKY
UCE-1209,849,0,9,849,F81
UCE-1212,509,3,16,509,HKY
UCE-1222,902,6,27,901,SYM+I
UCE-1234,885,3,13,884,HKY
UCE-1251,678,2,6,674,GTR+I
UCE-1253,523,1,11,523,HKY+I
UCE-1255,299,0,2,298,HKY
UCE-1259,734,4,11,734,HKY
UCE-1264,796,2,13,796,HKY
UCE-1277,582,1,3,582,HKY
UCE-1281,822,3,19,821,HKY
UCE-1285,861,5,23,859,HKY
UCE-1286,504,0,3,503,HKY
UCE-1295,811,1,12,811,HKY
UCE-1297,365,1,1,365,F81
UCE-1306,818,0,7,816,HKY
UCE-1309,569,0,3,569,F81
UCE-1311,593,1,7,593,SYM
UCE-1322,988,1,13,987,HKY
UCE-1329,725,3,9,725,HKY+I
UCE-1336,817,6,32,816,HKY
UCE-1346,828,0,4,828,K2P
UCE-1351,786,9,22,784,GTR+I
UCE-1359,759,2,19,759,K2P
UCE-1360,840,1,12,840,GTR
UCE-1361,654,6,16,653,F81+G
UCE-1363,836,4,21,836,HKY
UCE-1366,748,3,8,748,HKY
UCE-1367,360,2,2,360,HKY+I
UCE-1368,812,0,8,812,HKY
UCE-1378,687,2,18,687,HKY
UCE-1390,822,0,8,820,F81
UCE-1396,304,5,8,302,HKY+I
UCE-1405,623,0,7,623,F81
UCE-1412,1069,6,18,1069,HKY
UCE-1415,841,0,16,839,F81
UCE-1419,800,2,12,799,F81+G
UCE-1425,898,8,13,898,HKY
UCE-1427,781,0,5,781,HKY
UCE-1446,792,5,17,791,HKY
UCE-1447,627,1,9,626,HKY
UCE-1450,721,1,21,720,HKY
UCE-1454,857,1,9,856,HKY
UCE-1458,690,1,5,690,HKY
UCE-1463,863,4,18,863,HKY
UCE-1466,312,0,4,297,JC69
UCE-1469,917,0,10,916,HKY
UCE-1477,856,5,20,852,GTR+I
UCE-1482,408,0,5,408,F81
UCE-1484,648,2,13,648,HKY
UCE-1497,470,0,5,470,F81
UCE-1500,404,0,6,404,F81
UCE-1506,519,0,3,519,HKY
UCE-1511,753,9,25,745,HKY+I
UCE-1520,652,0,7,651,F81
UCE-1529,807,2,10,805,HKY
UCE-1530,519,3,5,519,F81
UCE-1531,854,7,24,854,HKY
UCE-1533,677,1,5,676,F81
UCE-1535,578,2,13,577,HKY
UCE-1540,755,6,15,754,GTR
UCE-1555,638,0,1,637,F81
UCE-1558,521,2,5,521,HKY
UCE-1560,839,3,18,839,HKY
UCE-1566,642,1,6,642,F81
UCE-1573,609,1,7,609,HKY
UCE-1579,455,2,10,455,F81
UCE-1582,616,0,9,611,HKY+G
UCE-1591,474,2,8,474,HKY
UCE-1600,814,3,18,792,GTR
UCE-1606,804,2,10,804,HKY
UCE-1610,573,0,5,573,F81
UCE-1614,784,4,16,784,HKY
UCE-1618,707,3,18,707,HKY
UCE-1624,860,6,20,838,GTR+I
UCE-1630,850,0,8,850,GTR
UCE-1634,864,2,10,864,HKY
UCE-1639,660,4,11,659,F81
UCE-1641,656,1,5,655,HKY
UCE-1642,585,0,5,585,F81
UCE-1648,829,0,17,827,F81
UCE-1653,545,0,4,543,HKY
UCE-1662,377,2,4,377,F81
UCE-1683,663,2,9,662,HKY
UCE-1689,563,2,5,563,HKY
UCE-1702,531,5,10,531,HKY
UCE-1708,728,7,11,728,HKY
UCE-1709,885,1,6,884,HKY
UCE-1719,949,3,18,948,HKY
UCE-1732,393,0,3,393,F81
UCE-1743,712,1,6,712,F81
UCE-1749,738,3,16,738,GTR
UCE-1753,741,3,9,740,HKY+I
UCE-1756,556,3,21,554,GTR
UCE-1757,600,1,10,600,F81
UCE-1759,753,1,4,753,HKY
UCE-1763,788,1,7,787,HKY
UCE-1766,535,1,8,535,F81
UCE-1775,665,3,13,665,HKY
UCE-1785,494,0,17,494,HKY
UCE-1787,432,1,5,432,F81
UCE-1793,797,3,8,797,F81
UCE-1802,860,3,11,860,HKY
UCE-1805,513,0,2,513,HKY
UCE-1813,628,2,7,628,HKY
UCE-1814,714,0,3,714,F81
UCE-1817,659,3,19,659,GTR
UCE-1832,801,5,21,797,HKY
UCE-1834,844,3,9,844,HKY
UCE-1836,456,3,5,455,HKY+I
UCE-1859,632,4,7,632,F81+G
UCE-1867,813,2,19,812,HKY
UCE-1868,600,3,14,598,HKY
UCE-1877,354,2,7,354,GTR
UCE-1886,338,0,5,338,HKY
UCE-1888,631,3,20,629,HKY
UCE-1891,678,2,7,678,HKY
UCE-1897,733,0,17,733,HKY
UCE-1899,756,4,10,756,HKY
UCE-1908,691,0,9,691,F81
UCE-1909,468,1,4,468,HKY
UCE-1920,472,3,11,472,HKY
UCE-1922,768,1,6,768,F81
UCE-1933,473,0,3,473,JC69
UCE-1937,760,4,13,758,HKY
UCE-1960,430,1,5,408,F81
UCE-1964,578,1,11,578,F81
UCE-1970,809,10,21,808,HKY+I
UCE-1975,620,3,12,620,HKY
UCE-1977,773,1,9,773,HKY
UCE-1985,630,3,14,630,K2P
UCE-1988,320,0,1,320,F81
UCE-1997,763,1,14,758,HKY
UCE-1999,806,1,18,803,HKY
UCE-2007,723,3,10,723,HKY
UCE-2012,592,0,8,592,HKY
UCE-2021,840,0,12,838,HKY
UCE-2023,413,0,3,407,F81
UCE-2030,336,0,2,336,JC69
UCE-2033,290,0,1,290,F81
UCE-2034,572,2,9,572,HKY
UCE-2035,660,2,13,659,HKY
UCE-2036,761,6,16,761,HKY
UCE-2040,743,4,17,743,K2P
UCE-2043,760,2,13,758,HKY+I
UCE-2052,379,0,1,379,F81
UCE-2062,704,3,13,704,HKY+I
UCE-2068,859,2,8,859,GTR
UCE-2069,591,1,7,591,HKY
UCE-2070,749,10,24,749,GTR
UCE-2073,458,2,3,457,F81
UCE-2075,499,1,16,499,HKY
UCE-2076,754,1,11,754,HKY
UCE-2088,657,3,24,657,SYM+I
UCE-2094,745,4,9,745,HKY
UCE-2096,493,2,3,492,HKY
UCE-2103,438,1,14,438,HKY
UCE-2108,404,0,1,404,F81
UCE-2111,513,6,9,512,HKY
UCE-2114,558,2,8,558,HKY
UCE-2135,865,4,18,863,HKY
UCE-2142,800,0,1,800,HKY
UCE-2151,793,4,13,793,HKY+I
UCE-2152,649,4,21,649,HKY
UCE-2160,470,3,7,470,F81
UCE-2178,794,3,14,789,HKY+I
UCE-2190,659,2,11,659,F81
UCE-2201,516,1,6,516,HKY
UCE-2206,599,1,2,599,HKY
UCE-2209,706,5,11,705,K2P
UCE-2210,783,2,10,783,HKY
UCE-2223,618,6,21,618,SYM
UCE-2235,418,0,1,417,F81
UCE-2238,882,5,18,881,HKY
UCE-2245,663,0,7,658,HKY
UCE-2277,714,2,21,714,GTR
UCE-2279,511,2,8,511,HKY
UCE-2283,360,4,7,360,HKY
UCE-2291,797,4,12,797,HKY
UCE-2306,860,4,16,857,HKY
UCE-2312,592,2,11,591,HKY
UCE-2315,794,1,4,794,HKY
UCE-2319,869,13,27,868,HKY+I
UCE-2334,787,1,12,784,HKY
UCE-2335,485,1,13,485,HKY
UCE-2340,511,0,7,511,HKY
UCE-2353,811,6,11,811,HKY+I
UCE-2356,420,0,3,420,JC69
UCE-2358,877,17,50,848,K2P+I+G
UCE-2376,609,1,6,609,HKY
UCE-2378,421,0,2,421,F81
UCE-2383,374,0,2,371,HKY
UCE-2393,684,0,8,683,HKY
UCE-2396,847,6,20,846,HKY
UCE-2397,446,1,7,446,HKY
UCE-2406,678,6,24,677,HKY
UCE-2446,872,4,24,872,F81
UCE-2456,503,1,2,503,F81
UCE-2465,563,1,10,563,GTR
UCE-2468,742,0,4,742,HKY
UCE-2472,363,2,6,363,HKY
UCE-2507,715,6,19,715,HKY
UCE-2513,322,2,10,319,HKY
UCE-2517,721,0,21,721,HKY
UCE-2522,870,3,12,870,HKY+I
UCE-2526,627,3,14,627,HKY
UCE-2534,726,10,25,724,GTR+G
UCE-2539,840,2,8,840,GTR+I
UCE-2545,726,2,16,700,HKY
UCE-2548,804,5,30,804,GTR+G
UCE-2561,728,2,14,728,GTR
UCE-2572,502,1,11,502,HKY
UCE-2574,805,2,14,805,GTR
UCE-2586,415,2,6,415,HKY
UCE-2592,782,3,20,782,K2P
UCE-2598,783,3,16,783,HKY
UCE-2625,711,2,10,710,F81
UCE-2656,799,0,4,799,HKY
UCE-2662,713,2,10,713,HKY
UCE-2668,497,2,16,496,HKY
UCE-2694,620,3,11,620,GTR
UCE-2697,791,7,23,791,HKY+I
UCE-2703,600,3,24,587,SYM
UCE-2707,632,4,24,616,HKY+G
UCE-2708,774,0,33,774,GTR
UCE-2714,739,9,28,739,GTR
UCE-2718,608,5,18,608,HKY
UCE-2729,761,2,12,760,HKY
UCE-2735,690,1,8,686,HKY
UCE-2736,762,3,14,761,HKY
UCE-2748,859,3,22,858,GTR
UCE-2769,778,9,30,765,HKY+I
UCE-2770,927,3,10,927,HKY
UCE-2774,622,2,12,622,GTR
UCE-2780,692,4,10,692,HKY
UCE-2789,475,3,9,475,HKY
UCE-2795,750,2,17,749,F81
UCE-2814,377,5,10,377,K2P
UCE-2817,579,1,9,579,F81+G
UCE-2825,679,1,12,678,F81
UCE-2840,506,1,10,505,HKY
UCE-2851,822,0,1,822,F81
UCE-2853,458,3,10,458,HKY
UCE-2882,506,1,7,506,F81
UCE-2897,594,1,8,592,GTR
UCE-2903,815,1,13,815,F81
UCE-2915,469,0,2,469,F81
UCE-2933,696,13,19,675,HKY+I
UCE-2950,809,5,18,808,HKY
UCE-2955,679,2,9,679,F81
UCE-2966,627,5,12,625,HKY
UCE-2968,308,1,3,308,K2P+I
UCE-2991,842,4,20,842,HKY
UCE-2992,441,0,5,440,HKY
UCE-2998,738,2,13,738,HKY
UCE-3008,983,0,7,983,HKY
UCE-3018,698,1,5,698,F81
UCE-3043,720,1,28,719,K2P
UCE-3049,745,4,14,744,HKY
UCE-3057,867,3,25,867,HKY
UCE-3061,817,1,6,817,HKY+I
UCE-3077,632,0,4,631,F81
UCE-3083,737,4,13,737,HKY
UCE-3084,859,8,25,859,GTR+I
UCE-3089,474,4,8,474,K2P+I
UCE-3101,497,5,12,497,HKY
UCE-3110,629,1,16,629,HKY
UCE-3117,665,2,14,655,HKY
UCE-3121,350,0,2,350,F81
UCE-3129,800,5,20,799,K2P
UCE-3130,478,1,10,478,HKY
UCE-3134,597,5,15,597,GTR+I
UCE-3141,572,2,8,571,HKY
UCE-3156,659,2,7,659,F81
UCE-3159,944,6,28,940,HKY
UCE-3181,570,5,16,565,HKY
UCE-3183,363,1,10,362,JC69
UCE-3193,797,5,19,796,HKY+I
UCE-3208,400,3,6,399,HKY
UCE-3211,743,6,14,743,HKY
UCE-3214,526,3,6,524,HKY
UCE-3223,778,7,39,777,GTR
UCE-3224,857,3,9,857,HKY
UCE-3225,679,6,17,677,HKY+I
UCE-3235,536,0,12,536,HKY+I
UCE-3262,843,3,25,842,HKY
UCE-3279,401,0,5,401,HKY
UCE-3309,395,3,9,394,HKY
UCE-3313,622,2,10,622,F81
UCE-3318,479,3,3,479,F81
UCE-3323,365,1,3,365,JC69
UCE-3326,868,8,29,862,GTR+I
UCE-3330,412,1,4,412,HKY
UCE-3338,691,1,13,689,HKY
UCE-3356,307,3,5,307,F81
UCE-3358,877,4,18,877,K2P
UCE-3368,457,1,2,457,F81
UCE-3380,813,1,12,813,HKY
UCE-3387,719,1,3,718,F81
UCE-3392,633,1,9,632,HKY
UCE-3407,498,0,6,498,HKY
UCE-3423,628,3,21,626,HKY+I
UCE-3425,671,2,6,671,F81
UCE-3426,747,1,18,747,HKY
UCE-3427,672,3,8,610,F81
UCE-3429,773,6,17,773,HKY+I
UCE-3434,486,2,9,486,F81
UCE-3442,443,0,0,442,F81
UCE-3443,780,2,15,778,GTR
UCE-3448,682,0,3,681,F81
UCE-3455,896,3,18,892,GTR+I
UCE-3462,744,3,5,742,HKY
UCE-3469,664,1,9,661,HKY
UCE-3472,618,1,7,618,F81
UCE-3473,555,3,19,553,GTR+I
UCE-3483,649,1,8,648,HKY
UCE-3486,429,1,1,429,F81
UCE-3493,908,1,14,908,HKY
UCE-3499,442,0,6,440,F81
UCE-3504,605,1,7,605,HKY
UCE-3528,593,0,8,582,HKY
UCE-3539,860,3,12,860,F81
UCE-3541,632,1,3,632,K2P
UCE-3549,765,1,18,764,HKY
UCE-3554,447,0,7,447,HKY
UCE-3573,668,2,12,668,HKY+I
UCE-3603,336,1,5,335,F81
UCE-3606,688,3,12,688,HKY
UCE-3622,624,1,12,623,HKY+I
UCE-3647,750,1,23,747,GTR
UCE-3658,802,4,19,802,HKY
UCE-3662,656,1,23,624,HKY
UCE-3669,617,2,7,617,F81
UCE-3671,721,2,9,720,F81
UCE-3674,530,0,4,530,HKY
UCE-3676,854,0,10,835,HKY
UCE-3681,480,4,20,476,K2P
UCE-3682,756,10,22,755,HKY+I
UCE-3683,618,4,19,618,GTR+I
UCE-3689,566,1,20,563,HKY
UCE-3692,895,5,24,895,HKY
UCE-3694,782,5,13,782,HKY
UCE-3698,857,2,6,856,F81
UCE-3715,293,2,4,293,F81
UCE-3722,843,2,9,841,HKY
UCE-3733,910,2,26,910,HKY
UCE-3743,762,3,13,762,F81+G
UCE-3752,850,1,13,842,HKY+I
UCE-3770,761,1,11,760,HKY
UCE-3771,845,2,13,845,HKY
UCE-3772,736,0,12,736,HKY
UCE-3776,408,1,6,408,JC69
UCE-3778,837,1,18,836,K2P
UCE-3783,730,3,13,730,HKY+I
UCE-3788,759,3,14,758,HKY+I
UCE-3792,772,2,10,770,F81
UCE-3806,386,2,9,385,K2P
UCE-3823,617,2,11,617,HKY
UCE-3837,719,5,9,718,HKY+I
UCE-3849,756,3,18,755,HKY
UCE-3853,563,2,21,561,GTR
UCE-3857,805,1,8,803,HKY
UCE-3874,681,1,16,681,HKY
UCE-3887,848,6,18,844,HKY
UCE-3894,640,0,9,639,HKY
UCE-3905,348,0,6,348,HKY
UCE-3911,733,0,5,732,HKY
UCE-3912,500,2,8,498,HKY
UCE-3913,734,0,13,733,HKY
UCE-3927,645,3,25,644,HKY
UCE-3937,708,2,6,708,HKY
UCE-3943,488,2,10,488,HKY
UCE-3967,819,0,11,816,GTR
UCE-3976,747,2,11,747,F81
UCE-3978,874,1,13,874,HKY
UCE-3987,310,1,3,310,F81
UCE-3988,790,3,13,790,HKY
UCE-3989,609,1,10,606,HKY
UCE-3995,678,3,7,678,F81
UCE-3998,618,2,20,618,F81
UCE-3999,841,5,19,839,HKY
UCE-4004,872,2,9,870,HKY
UCE-4011,430,3,14,430,K2P
UCE-4014,707,6,15,707,HKY
UCE-4024,688,1,8,686,F81
UCE-4026,799,1,8,798,GTR
UCE-4033,803,14,27,800,HKY
UCE-4036,642,4,20,642,F81
UCE-4039,769,4,15,769,HKY+I
UCE-4050,867,10,39,865,GTR
UCE-4071,865,6,17,865,HKY+I
UCE-4081,464,1,10,464,HKY
UCE-4091,664,1,5,664,F81
UCE-4106,532,2,12,529,GTR
UCE-4110,283,0,2,283,F81
UCE-4122,466,1,6,466,HKY
UCE-4131,532,2,14,532,HKY
UCE-4136,512,0,4,512,HKY
UCE-4176,893,5,22,888,GTR
UCE-4179,861,4,21,860,HKY
UCE-4181,730,3,15,728,F81
UCE-4184,638,3,17,635,HKY+I
UCE-4200,430,4,7,427,F81
UCE-4201,337,2,6,337,F81
UCE-4212,478,5,19,478,GTR
UCE-4227,927,2,19,927,HKY
UCE-4232,659,3,12,658,F81
UCE-4248,718,5,24,718,HKY
UCE-4259,898,1,20,851,F81+G
UCE-4261,684,3,5,684,F81+G
UCE-4265,835,1,20,833,HKY
UCE-4284,705,1,7,705,HKY
UCE-4287,628,2,8,628,HKY
UCE-4292,632,2,9,621,HKY
UCE-4294,612,2,13,610,HKY+I
UCE-4324,512,5,24,507,HKY
UCE-4339,623,3,17,622,HKY
UCE-4342,567,2,5,567,HKY
UCE-4343,774,6,25,770,HKY+G
UCE-4355,569,5,16,567,HKY
UCE-4364,871,3,11,871,HKY
UCE-4371,655,2,15,651,F81
UCE-4400,697,0,5,696,HKY
UCE-4416,723,2,12,723,F81
UCE-4423,854,3,9,853,F81
UCE-4426,755,4,17,755,HKY
UCE-4434,823,1,10,823,HKY
UCE-4438,618,5,6,618,HKY+I
UCE-4445,478,1,2,477,HKY
UCE-4446,884,4,11,883,HKY
UCE-4463,614,1,11,614,HKY
UCE-4473,666,0,10,665,HKY
UCE-4479,784,2,25,784,HKY
UCE-4482,713,0,11,713,F81
UCE-4485,613,6,25,610,F81
UCE-4486,634,2,18,629,K2P
UCE-4500,847,2,21,844,HKY
UCE-4523,381,1,2,381,HKY
UCE-4525,545,3,11,545,HKY+I
UCE-4527,635,5,16,635,HKY
UCE-4530,822,5,32,820,HKY
UCE-4534,335,0,1,335,F81
UCE-4535,632,3,12,631,HKY+I
UCE-4540,442,0,13,442,HKY
UCE-4542,375,0,5,375,HKY
UCE-4544,743,0,7,743,GTR
UCE-4548,770,1,12,769,HKY
UCE-4550,477,2,6,477,HKY
UCE-4558,579,2,13,578,HKY
UCE-4574,599,11,21,599,HKY
UCE-4586,694,0,7,694,HKY
UCE-4593,799,7,18,791,F81
UCE-4594,660,1,5,655,HKY
UCE-4609,624,0,6,624,HKY
UCE-4623,707,6,23,706,HKY+I
UCE-4638,854,2,10,854,HKY
UCE-4639,548,0,2,547,HKY
UCE-4643,720,0,11,719,HKY
UCE-4651,334,0,2,334,F81
UCE-4652,751,2,11,751,HKY+I
UCE-4658,766,2,8,766,HKY
UCE-4662,758,1,11,757,F81
UCE-4673,361,0,4,361,JC69
UCE-4699,751,1,8,750,F81
UCE-4713,776,3,17,775,GTR
UCE-4719,514,2,6,513,HKY
UCE-4724,813,2,13,812,HKY
UCE-4725,821,7,15,821,HKY
UCE-4726,476,1,11,448,HKY
UCE-4729,795,2,9,795,HKY
UCE-4732,686,3,9,686,HKY+I
UCE-4739,338,0,4,338,F81
UCE-4742,737,1,9,737,HKY
UCE-4751,481,3,9,481,HKY+I
UCE-4760,459,1,4,458,HKY
UCE-4762,247,0,1,247,F81
UCE-4788,280,1,7,280,HKY
UCE-4790,552,10,15,552,HKY+I
UCE-4813,705,2,17,705,HKY
UCE-4833,849,5,24,849,HKY+I
UCE-4835,577,0,2,577,F81
UCE-4841,408,1,7,408,F81
UCE-4844,892,1,17,889,HKY
UCE-4845,820,8,30,820,HKY
UCE-4856,555,2,9,555,HKY
UCE-4865,671,2,6,671,HKY
UCE-4874,846,2,9,846,HKY+I
UCE-4884,708,2,15,708,HKY
UCE-4900,654,1,6,654,F81
UCE-4908,683,13,23,683,HKY
UCE-4912,748,4,17,747,HKY
UCE-4927,669,5,15,668,HKY
UCE-4932,583,4,23,583,HKY
UCE-4933,802,0,5,802,F81
UCE-4947,694,9,27,688,HKY+I
UCE-4963,619,2,13,619,HKY+I
UCE-4977,699,5,27,695,HKY+I
UCE-4982,806,1,8,795,HKY
UCE-4992,669,2,9,668,HKY
UCE-4993,555,2,9,555,GTR
UCE-4995,752,1,6,752,HKY
UCE-5005,706,4,11,705,HKY+I
UCE-5007,715,5,12,715,HKY
UCE-5008,374,0,4,374,K2P
UCE-5021,641,0,4,640,HKY
UCE-5024,812,5,17,808,HKY
UCE-5025,558,4,18,557,GTR
UCE-5033,704,6,14,704,HKY
UCE-5055,797,3,11,796,HKY
UCE-5064,935,2,13,934,HKY
UCE-5076,846,3,24,846,HKY
UCE-5099,853,3,14,853,HKY
UCE-5101,542,0,3,541,HKY
UCE-5102,317,1,2,317,F81
UCE-5116,483,3,11,483,K2P
UCE-5123,488,0,0,488,F81
UCE-5125,650,4,11,650,HKY+I
UCE-5133,753,5,15,725,HKY+I
UCE-5153,619,0,5,619,HKY
UCE-5158,398,0,1,398,JC69
UCE-5165,610,2,5,610,HKY
UCE-5167,684,4,7,684,HKY
UCE-5172,698,3,12,696,HKY
UCE-5173,668,5,14,667,SYM
UCE-5176,454,6,11,454,HKY
UCE-5181,505,3,17,505,HKY
UCE-5208,778,4,11,777,HKY+I
UCE-5214,602,5,10,602,HKY
UCE-5227,725,3,18,724,HKY
UCE-5231,415,0,7,415,HKY
UCE-5238,438,1,5,438,K2P
UCE-5240,761,2,17,742,HKY
UCE-5244,810,6,18,805,HKY
UCE-5256,828,3,14,827,HKY
UCE-5258,599,5,14,599,HKY
UCE-5259,833,6,34,823,HKY+I
UCE-5287,732,1,12,732,HKY
UCE-5288,306,1,6,306,HKY
UCE-5290,861,1,22,861,HKY
UCE-5294,786,4,12,784,HKY
UCE-5295,654,4,19,652,HKY+I
UCE-5297,732,3,21,731,HKY
UCE-5311,370,2,8,369,GTR
UCE-5313,714,1,4,714,HKY
UCE-5322,813,2,3,811,F81
UCE-5327,966,4,30,963,GTR
UCE-5344,501,1,8,501,HKY
UCE-5364,779,3,18,775,HKY
UCE-5377,721,1,21,721,K2P
UCE-5383,772,6,19,772,GTR
UCE-5385,546,0,9,546,F81
UCE-5387,572,7,20,572,HKY+I
UCE-5396,435,1,6,434,HKY
UCE-5401,430,2,6,430,K2P
UCE-5411,773,3,12,773,F81
UCE-5412,592,2,14,592,GTR
UCE-5433,679,2,23,678,HKY
UCE-5440,859,5,11,859,HKY
UCE-5445,679,1,10,679,HKY
UCE-5450,691,7,7,691,HKY
UCE-5464,984,2,18,983,HKY
UCE-5477,227,0,3,227,K2P
UCE-5479,765,3,20,763,HKY
UCE-5494,562,2,12,561,HKY
UCE-5497,550,0,8,549,HKY+I
UCE-5514,492,1,6,492,F81
UCE-5518,486,0,3,486,F81
UCE-5524,665,2,18,662,HKY
UCE-5561,805,3,14,804,HKY
UCE-5565,681,5,16,681,HKY
UCE-5576,565,4,21,565,HKY
UCE-5579,781,12,23,778,GTR+I
UCE-5599,251,0,3,251,F81
UCE-5600,250,0,4,250,HKY
UCE-5602,422,3,4,422,HKY+I
UCE-5611,495,2,12,493,HKY
UCE-5636,528,1,11,528,HKY
UCE-5677,470,1,3,469,F81
UCE-5683,656,9,22,656,GTR+I
UCE-5684,860,5,34,860,HKY
UCE-5694,535,2,14,535,HKY
UCE-5704,766,1,10,763,HKY
UCE-5722,743,7,19,742,GTR
UCE-5730,877,3,18,873,HKY
UCE-5733,377,3,8,375,HKY
UCE-5743,232,1,6,232,JC69
UCE-5757,485,3,12,485,HKY
UCE-5766,635,1,8,635,HKY
UCE-5796,878,2,16,878,GTR
UCE-5797,558,0,2,558,HKY
UCE-5811,739,1,11,739,HKY
UCE-5812,780,1,8,780,F81
UCE-5832,497,2,10,497,F81
UCE-5839,648,3,10,648,HKY
UCE-5849,734,2,16,733,GTR
UCE-5851,624,1,14,624,HKY
UCE-5854,552,2,13,546,HKY
UCE-5899,667,2,12,667,HKY
UCE-5902,782,2,21,781,HKY
UCE-5903,443,1,7,443,HKY
UCE-5904,730,3,17,729,GTR
UCE-5915,497,2,6,496,K2P
UCE-5917,627,5,14,627,HKY
UCE-5921,775,2,12,775,HKY
UCE-5922,662,4,11,662,HKY
UCE-5930,883,2,8,883,HKY
UCE-5932,426,0,6,426,F81
UCE-5933,721,3,37,720,K2P
UCE-5955,825,1,20,825,HKY
UCE-5961,537,0,5,536,F81
UCE-5969,712,0,14,710,HKY
UCE-5971,547,2,11,547,HKY
UCE-5975,836,0,3,836,HKY
UCE-5978,884,0,9,882,HKY
UCE-5998,456,1,6,456,HKY
UCE-6003,741,7,23,737,HKY
UCE-6014,457,1,7,457,K2P
UCE-6017,746,3,11,746,HKY
UCE-6020,772,6,15,771,GTR
UCE-6031,725,3,14,724,HKY
UCE-6032,670,1,10,668,HKY
UCE-6034,644,2,9,644,HKY
UCE-6048,454,2,12,454,F81
UCE-6049,570,3,18,570,HKY
UCE-6054,572,7,11,572,GTR+I
UCE-6059,327,0,1,327,F81
UCE-6061,441,1,6,441,K2P
UCE-6068,558,3,6,558,F81
UCE-6079,510,9,20,510,K2P
UCE-6080,577,1,12,576,HKY
UCE-6085,597,0,9,597,HKY
UCE-6100,538,5,11,538,GTR
UCE-6107,336,0,4,336,F81
UCE-6117,800,1,10,800,HKY
UCE-6121,533,6,13,533,HKY+I
UCE-6131,910,4,10,910,HKY+I
UCE-6133,207,0,3,207,F81
UCE-6136,664,3,12,663,F81
UCE-6154,705,9,39,705,HKY+I
UCE-6157,591,7,18,591,HKY+I
UCE-6163,781,0,12,781,HKY
UCE-6166,433,8,15,432,K2P
UCE-6176,653,3,13,653,F81
UCE-6198,556,0,4,556,F81
UCE-6200,653,3,10,648,HKY+I
UCE-6203,772,1,12,772,HKY
UCE-6211,810,5,12,808,HKY
UCE-6222,549,2,15,549,GTR
UCE-6225,816,1,7,816,F81
UCE-6241,730,4,9,730,HKY
UCE-6242,712,2,23,712,HKY
UCE-6256,604,2,23,603,K2P+I
UCE-6260,503,2,5,503,HKY+I
UCE-6261,821,3,16,817,F81
UCE-6264,689,4,9,689,HKY+I
UCE-6267,612,3,17,611,HKY
UCE-6284,559,3,16,557,HKY
UCE-6288,907,2,25,907,K2P
UCE-6291,721,5,17,718,HKY
UCE-6298,598,1,8,592,HKY
UCE-6309,571,2,14,569,F81
UCE-6316,677,6,12,677,HKY
UCE-6320,347,2,9,347,K2P
UCE-6321,710,7,33,710,K2P+I
UCE-6335,613,1,5,612,F81
UCE-6340,785,1,5,785,HKY
UCE-6344,733,3,16,733,HKY
UCE-6351,647,3,17,646,K2P
UCE-6367,845,2,12,845,HKY+I
UCE-6371,645,1,11,645,HKY
UCE-6405,669,5,20,668,HKY
UCE-6412,820,2,12,819,HKY
UCE-6418,806,3,28,806,HKY
UCE-6434,602,3,20,600,GTR+I
UCE-6446,694,0,4,694,HKY
UCE-6448,832,1,16,829,HKY
UCE-6451,733,4,16,733,HKY+I
UCE-6468,532,4,11,532,HKY+I
UCE-6471,804,3,15,802,HKY
UCE-6476,448,2,5,446,HKY
UCE-6484,715,2,15,715,HKY
UCE-6486,759,4,12,759,HKY
UCE-6487,458,2,12,457,F81
UCE-6523,581,0,7,580,F81
UCE-6535,735,8,36,730,HKY
UCE-6538,451,2,5,451,HKY+I
UCE-6551,810,1,11,808,F81
UCE-6552,722,2,13,722,F81
UCE-6555,838,1,11,838,HKY
UCE-6566,327,4,13,327,HKY
UCE-6568,496,1,16,493,F81
UCE-6571,837,10,28,832,HKY+I
UCE-6582,767,4,17,765,HKY
UCE-6588,615,1,10,614,HKY
UCE-6602,712,7,23,712,HKY
UCE-6603,813,1,13,813,HKY
UCE-6620,472,1,7,470,HKY
UCE-6625,819,1,8,809,F81
UCE-6640,634,2,20,633,HKY
UCE-6648,850,3,11,847,HKY
UCE-6657,586,4,8,585,HKY
UCE-6669,678,3,14,678,F81
UCE-6698,734,3,14,734,HKY
UCE-6700,767,4,18,765,HKY
UCE-6705,313,1,4,313,K2P
UCE-6716,755,3,10,754,F81
UCE-6717,870,2,12,870,HKY
UCE-6718,514,1,4,514,HKY
UCE-6723,686,0,6,686,HKY
UCE-6724,693,6,17,691,HKY+I
UCE-6726,633,2,8,633,F81
UCE-6748,731,0,7,730,HKY
UCE-6757,587,4,13,587,HKY
UCE-6782,810,1,11,810,HKY
UCE-6797,686,3,7,685,F81+G
UCE-6805,610,2,12,610,HKY
UCE-6809,536,0,4,535,F81
UCE-6812,706,1,7,706,HKY
UCE-6818,846,4,15,846,HKY
UCE-6823,737,3,13,737,HKY+I
UCE-6844,564,7,20,564,HKY
UCE-6850,797,7,20,797,HKY+I
UCE-6855,412,1,8,412,HKY
UCE-6856,773,0,17,770,HKY
UCE-6859,575,0,5,575,HKY+I
UCE-6866,726,5,16,724,HKY+I
UCE-6875,607,5,20,606,HKY
UCE-6881,811,5,15,810,HKY
UCE-6887,311,1,7,311,F81
UCE-6888,688,2,19,687,HKY
UCE-6894,666,4,10,666,HKY+I
UCE-6898,441,1,10,440,HKY
UCE-6912,449,2,15,446,HKY
UCE-6931,386,4,9,386,HKY
UCE-6933,713,3,9,711,F81
UCE-6939,769,4,25,769,HKY
UCE-6946,778,2,22,776,HKY
UCE-6956,682,3,9,682,HKY+I
UCE-6964,539,1,6,538,K2P
UCE-6966,783,0,11,782,HKY
UCE-6973,320,1,9,320,HKY
UCE-6983,501,0,8,501,HKY
UCE-6986,826,2,16,826,GTR
UCE-6998,766,13,23,765,HKY
UCE-7008,585,2,4,585,HKY
UCE-7012,734,2,11,733,HKY+I
UCE-7016,805,0,24,805,HKY
UCE-7019,804,4,19,798,HKY
UCE-7022,425,2,12,425,HKY
UCE-7028,289,0,1,289,F81
UCE-7033,833,2,14,833,HKY
UCE-7035,782,1,12,781,HKY
UCE-7036,520,1,8,520,K2P
UCE-7037,503,0,10,502,F81
UCE-7053,901,3,15,899,HKY
UCE-7054,264,1,3,264,F81
UCE-7069,722,2,8,722,HKY
UCE-7077,746,10,30,746,HKY
UCE-7081,565,4,24,564,K2P
UCE-7095,657,2,18,657,F81
UCE-7097,824,10,33,823,GTR
UCE-7098,857,4,59,828,HKY+I
UCE-7102,492,1,12,492,K2P
UCE-7103,604,7,27,601,HKY
UCE-7109,766,4,13,764,HKY
UCE-7117,664,0,4,664,F81
UCE-7143,844,6,19,840,K2P
UCE-7160,772,3,21,771,HKY
UCE-7171,826,3,18,826,HKY
UCE-7200,772,3,10,771,HKY
UCE-7205,592,5,24,592,HKY
UCE-7210,773,0,11,771,HKY
UCE-7215,760,4,19,759,HKY
UCE-7219,550,0,0,550,F81
UCE-7234,526,1,11,525,HKY+I
UCE-7245,746,3,10,746,HKY+I
UCE-7249,865,6,13,865,F81
UCE-7252,770,4,25,765,HKY
UCE-7255,623,2,14,623,HKY
UCE-7257,796,10,36,794,GTR
UCE-7273,312,0,1,312,F81
UCE-7283,373,1,6,373,HKY
UCE-7287,813,0,8,813,HKY
UCE-7288,662,1,4,662,HKY
UCE-7292,759,1,11,756,F81
UCE-7310,847,8,30,838,GTR+I
UCE-7313,652,4,20,652,HKY
UCE-7314,752,7,26,752,K2P
UCE-7319,566,1,12,565,GTR
UCE-7342,876,4,17,875,HKY
UCE-7352,856,4,14,856,HKY
UCE-7361,784,4,11,784,HKY+I
UCE-7364,452,6,9,451,HKY
UCE-7369,503,1,6,503,F81
UCE-7370,472,1,8,472,F81
UCE-7384,843,2,17,838,HKY
UCE-7393,767,4,12,766,HKY
UCE-7408,551,1,22,551,SYM
UCE-7415,386,0,4,386,F81
UCE-7420,807,3,12,805,HKY+I
UCE-7425,596,3,18,596,HKY
UCE-7426,723,9,15,723,HKY
UCE-7444,462,3,12,462,F81
UCE-7463,649,0,4,649,HKY
UCE-7467,409,1,9,409,K2P
UCE-7476,401,0,5,400,F81
UCE-7485,632,3,17,632,HKY
UCE-7487,633,1,16,631,HKY
UCE-7490,619,4,15,616,GTR
UCE-7491,609,5,17,609,HKY
UCE-7495,618,0,7,618,F81
UCE-7496,454,2,7,453,F81
UCE-7500,833,5,12,833,F81
UCE-7503,682,5,21,682,K2P
UCE-7505,790,3,14,790,HKY
UCE-7518,612,4,6,612,HKY
UCE-7522,728,0,4,725,HKY
UCE-7532,746,2,14,744,HKY
UCE-7534,706,2,9,706,HKY
UCE-7541,730,5,26,730,K2P
UCE-7546,250,2,4,250,JC69
UCE-7548,550,0,13,550,HKY
UCE-7559,532,4,10,532,HKY
UCE-7560,615,0,4,615,HKY
UCE-7567,427,4,4,425,GTR+I
UCE-7574,864,4,26,863,HKY
UCE-7578,913,5,23,913,HKY
UCE-7581,565,1,10,565,HKY
UCE-7613,679,2,12,679,HKY
UCE-7615,626,6,16,626,HKY
UCE-7616,637,0,3,637,HKY
UCE-7617,557,0,11,555,HKY
UCE-7620,530,0,3,527,F81
UCE-7627,500,2,6,499,HKY
UCE-7632,491,0,11,480,K2P
UCE-7637,567,2,12,567,HKY
UCE-7642,234,1,1,234,JC69
UCE-7656,527,3,18,527,HKY
UCE-7662,596,2,9,596,HKY
UCE-7669,700,3,7,700,GTR
UCE-7686,530,2,9,529,JC69
UCE-7704,743,6,18,743,HKY
UCE-7712,788,1,7,786,HKY+I
UCE-7721,737,6,12,737,HKY
UCE-7724,509,6,23,509,HKY
UCE-7725,688,0,14,688,K2P
UCE-7727,708,8,25,708,GTR+I
UCE-7739,705,4,26,685,HKY+I
UCE-7740,752,7,18,748,K2P
UCE-7747,475,5,16,475,HKY
UCE-7748,494,1,8,494,HKY
UCE-7768,861,2,10,860,HKY
UCE-7788,548,17,31,542,HKY
UCE-7799,514,0,4,514,F81
UCE-7803,615,2,12,615,HKY
UCE-7804,919,7,14,919,HKY
UCE-7806,420,0,6,420,K2P
UCE-7823,830,6,32,830,HKY
UCE-7836,670,0,4,670,HKY
UCE-7863,759,6,21,754,HKY+I
UCE-7865,652,4,25,651,HKY
UCE-7887,433,3,13,433,F81
UCE-7889,787,4,10,787,HKY+I
UCE-7904,504,5,8,504,HKY
UCE-7907,456,2,8,456,HKY
UCE-7924,796,1,13,784,HKY
UCE-7941,760,1,13,757,HKY+I
UCE-7946,800,6,20,799,HKY+I
UCE-7958,383,1,2,383,HKY
UCE-7972,862,5,16,851,HKY
UCE-7981,670,1,6,670,HKY
UCE-7982,782,5,21,780,HKY
UCE-8005,832,12,32,832,HKY
UCE-8016,680,2,15,679,HKY
UCE-8026,611,4,11,610,HKY
UCE-8029,373,0,7,373,JC69
UCE-8030,771,1,15,771,HKY
UCE-8040,782,2,24,781,HKY
UCE-8046,775,3,15,775,HKY
